News,Category,,
16000 sensex ,,,
modi is good prime minister,,,
16000 sensex ,,,
wockhardt offers to make 2 billion covid vaccine doses a year,,,
"cbse class 12 board exams 2021 ,around 300 students write the exam to cji,demands cancellation of board exam",,,
nasas latest mars craft nears landing for unprecedented seismic mission,,,
delhi like to get sputnik v in june:kejriiwal,,,
diesel crosses rs 98-mark in rajasthan as prices rise,,,
Share market;sensex gives up 52000falls ,,,"in red,nifty below 15,500."
,,,
"coronavirus number of new cases across india dips furthur to 1.5 lakh on may 30,2021",,,
"russian rocket carrying space station crew fails in mid air, alla safe",,,
mamata indulging in politics amid  crisis caused by cyclone ,,,
sunidhi chuhan reveals she was asked to praise contestant,,,
